year,month,day,open price,highest price,lowest price,close price,volumn
2010,3,1,1.754,1.9,1.876,1.885,284411236
2010,3,2,1.764,1.949,1.886,1.949,491206186
2010,3,3,1.762,1.986,1.945,1.975,460017138
2010,3,4,1.779,1.985,1.963,1.981,289710483
2010,3,5,1.778,1.991,1.972,1.987,370728207
2010,3,8,1.802,2.051,1.975,2.048,519887039
2010,3,9,1.789,2.079,2.045,2.055,721273736
2010,3,10,1.785,2.07,2.03,2.059,429702174
2010,3,11,1.783,2.09,2.058,2.072,269246199
2010,3,12,1.752,2.072,2.008,2.046,448704213
2010,3,15,1.716,2.053,2.018,2.035,363986412
2010,3,16,1.729,2.048,2.01,2.011,416907085
2010,3,17,1.728,2.014,1.969,1.978,346584659
2010,3,18,1.708,1.98,1.943,1.973,441176450
2010,3,19,1.743,1.953,1.873,1.893,859029239
2010,3,22,1.733,1.899,1.875,1.88,268402324
2010,3,23,1.741,1.912,1.877,1.888,233213602
2010,3,24,1.735,1.916,1.861,1.862,519612631
2010,3,25,1.725,1.905,1.869,1.885,490896558
2010,3,26,1.732,1.955,1.884,1.952,615553473
2010,3,29,1.7,1.96,1.912,1.944,426992443
2010,3,30,1.697,1.92,1.83,1.841,711679117
2010,3,31,1.7,1.915,1.842,1.913,785528538
2010,4,1,1.709,1.942,1.904,1.932,462343525
2010,4,2,1.718,1.935,1.88,1.899,506437383
2010,4,6,1.69,1.916,1.89,1.9,308447029
2010,4,7,1.697,1.898,1.867,1.879,264033741
2010,4,8,1.693,1.896,1.836,1.853,410352203
2010,4,9,1.706,1.859,1.828,1.834,313544650
2010,4,12,1.683,1.85,1.821,1.839,251266590
2010,4,13,1.66,1.893,1.817,1.845,577225691
2010,4,14,1.661,1.842,1.812,1.812,366668667
2010,4,15,1.664,1.838,1.807,1.83,403770388
2010,4,16,1.664,1.904,1.831,1.903,921103746
2010,4,19,1.668,1.911,1.891,1.901,306476174
2010,4,20,1.665,1.912,1.893,1.903,241401206
2010,4,21,1.671,1.927,1.896,1.901,318119819
2010,4,22,1.676,1.894,1.853,1.86,326954681
2010,4,23,1.673,1.891,1.853,1.865,349939421
2010,4,26,1.675,1.834,1.77,1.788,590067014
2010,4,27,1.693,1.798,1.775,1.788,346033136
2010,4,28,1.695,1.797,1.777,1.783,358335191
2010,4,29,1.699,1.805,1.773,1.786,399181374
2010,4,30,1.707,1.807,1.78,1.788,368405189
2010,5,4,1.7,1.778,1.75,1.77,409020567
2010,5,5,1.669,1.801,1.775,1.787,441426472
2010,5,6,1.666,1.793,1.776,1.788,267597665
2010,5,7,1.644,1.809,1.785,1.787,227564672
2010,5,10,1.641,1.794,1.774,1.776,199370001
2010,5,11,1.632,1.778,1.756,1.762,336939520
2010,5,12,1.632,1.772,1.742,1.77,443502838
2010,5,13,1.637,1.773,1.748,1.761,263960303
2010,5,14,1.627,1.774,1.742,1.766,402712905
2010,5,17,1.629,1.835,1.772,1.826,734144226
2010,5,18,1.622,1.829,1.816,1.823,341663799
2010,5,19,1.595,1.826,1.761,1.763,528989976
2010,5,20,1.599,1.808,1.757,1.79,632942480
2010,5,21,1.584,1.8,1.762,1.777,521981441
2010,5,24,1.588,1.795,1.757,1.765,376026326
2010,5,25,1.589,1.766,1.746,1.765,269206689
2010,5,26,1.601,1.82,1.769,1.796,592478316
2010,5,27,1.582,1.826,1.801,1.813,437882204
2010,5,28,1.574,1.823,1.8,1.817,319769234
2010,5,31,1.598,1.845,1.816,1.822,431044083
2010,6,1,1.662,1.826,1.792,1.808,288317027
2010,6,2,1.651,1.823,1.799,1.819,344087335
2010,6,3,1.655,1.823,1.8,1.809,258189930
2010,6,4,1.645,1.808,1.771,1.785,309174693
2010,6,7,1.654,1.793,1.779,1.786,213979827
2010,6,8,1.648,1.82,1.771,1.819,527516678
2010,6,9,1.615,1.849,1.81,1.843,470439146
2010,6,10,1.604,1.877,1.843,1.861,481229685
2010,6,11,1.603,1.863,1.842,1.852,336900057
2010,6,17,1.576,1.861,1.846,1.856,274668885
2010,6,18,1.573,1.855,1.822,1.823,398965135
2010,6,21,1.586,1.846,1.813,1.829,356987490
2010,6,22,1.59,1.838,1.82,1.825,241848163
2010,6,23,1.58,1.872,1.818,1.871,528325452
2010,6,24,1.615,1.882,1.859,1.861,425691928
2010,6,25,1.65,1.866,1.85,1.855,313020572
2010,6,28,1.643,1.866,1.836,1.84,359835610
2010,6,29,1.664,1.862,1.841,1.844,348559144
2010,6,30,1.66,1.845,1.821,1.826,467590887
2010,7,1,1.66,1.828,1.809,1.813,233314096
2010,7,2,1.66,1.814,1.791,1.794,314798751
2010,7,5,1.65,1.803,1.763,1.77,351914338
2010,7,6,1.659,1.749,1.701,1.725,1336375209
2010,7,7,1.66,1.729,1.712,1.726,790863541
2010,7,8,1.676,1.732,1.709,1.711,267397061
2010,7,9,1.673,1.73,1.705,1.722,332266504
2010,7,12,1.682,1.716,1.688,1.707,373672537
2010,7,13,1.66,1.7,1.65,1.653,341341422
2010,7,14,1.664,1.665,1.622,1.65,466807447
2010,7,15,1.653,1.645,1.541,1.545,697035746
2010,7,16,1.617,1.553,1.44,1.55,1889323645
2010,7,19,1.609,1.552,1.51,1.529,554487004
2010,7,20,1.614,1.556,1.526,1.535,487450997
2010,7,21,1.626,1.592,1.518,1.58,511965123
2010,7,22,1.655,1.578,1.553,1.575,286853914
2010,7,23,1.66,1.584,1.55,1.568,349604614
2010,7,26,1.661,1.561,1.533,1.554,325011741
2010,7,27,1.651,1.583,1.537,1.566,429749303
2010,7,28,1.643,1.591,1.57,1.574,351375402
2010,7,29,1.624,1.566,1.535,1.545,489533470
2010,7,30,1.631,1.55,1.534,1.541,276205169
2010,8,2,1.602,1.585,1.538,1.584,422370318
2010,8,3,1.576,1.706,1.595,1.684,918225639
2010,8,4,1.576,1.68,1.625,1.632,476862776
2010,8,5,1.562,1.678,1.626,1.648,593200340
2010,8,6,1.55,1.649,1.621,1.648,329538786
2010,8,9,1.553,1.658,1.626,1.627,430871584
2010,8,10,1.541,1.627,1.591,1.593,295937028
2010,8,11,1.552,1.602,1.55,1.555,339498257
2010,8,12,1.56,1.56,1.533,1.557,299355941
2010,8,13,1.565,1.618,1.559,1.6,805002016
2010,8,16,1.557,1.597,1.557,1.58,371043884
2010,8,17,1.548,1.598,1.569,1.579,423201048
2010,8,18,1.543,1.578,1.56,1.57,295103780
2010,8,19,1.535,1.556,1.527,1.532,274565351
2010,8,20,1.543,1.575,1.533,1.549,429509855
2010,8,23,1.53,1.586,1.548,1.551,316711205
2010,8,24,1.545,1.595,1.558,1.588,532685225
2010,8,25,1.6,1.61,1.582,1.586,386414145
2010,8,26,1.6,1.604,1.581,1.603,286497482
2010,8,27,1.637,1.616,1.581,1.605,353431720
2010,8,30,1.644,1.625,1.596,1.598,442317577
2010,8,31,1.646,1.613,1.587,1.595,340268347
2010,9,1,1.65,1.613,1.581,1.604,426369274
2010,9,2,1.638,1.665,1.609,1.663,824187417
2010,9,3,1.729,1.674,1.655,1.67,400242882
2010,9,6,1.732,1.697,1.658,1.663,494393085
2010,9,7,1.738,1.676,1.643,1.646,312604770
2010,9,8,1.735,1.753,1.622,1.646,1763768341
2010,9,9,1.751,1.669,1.622,1.657,495134217
2010,9,10,1.733,1.68,1.639,1.646,445145846
2010,9,13,1.738,1.657,1.625,1.639,330394112
2010,9,14,1.793,1.659,1.631,1.634,430275621
2010,9,15,1.809,1.65,1.592,1.618,463913411
2010,9,16,1.785,1.657,1.615,1.655,567156478
2010,9,17,1.819,1.661,1.64,1.653,362208065
2010,9,20,1.88,1.659,1.625,1.647,441694576
2010,9,21,1.858,1.661,1.633,1.641,369306713
2010,9,27,1.875,1.655,1.627,1.645,289446005
2010,9,28,1.848,1.655,1.634,1.648,258289777
2010,9,29,1.848,1.671,1.648,1.668,414691827
2010,9,30,1.851,1.674,1.663,1.67,272928684
2010,10,8,1.81,1.67,1.66,1.665,257008382
2010,10,11,1.886,1.684,1.661,1.683,407399156
2010,10,12,1.893,1.78,1.698,1.772,871313929
2010,10,13,1.87,1.8,1.768,1.799,633844164
2010,10,14,1.861,1.826,1.797,1.803,740406966
2010,10,15,1.885,1.863,1.789,1.833,768161461
2010,10,18,1.89,1.838,1.807,1.811,430652052
2010,10,19,1.889,1.827,1.781,1.797,474411437
2010,10,20,1.903,1.806,1.755,1.757,445771184
2010,10,21,1.895,1.765,1.736,1.759,343469848
2010,10,22,1.886,1.775,1.753,1.769,344242885
2010,10,25,1.95,1.769,1.718,1.731,482185624
2010,10,26,1.98,1.744,1.715,1.717,318480093
2010,10,27,1.983,1.715,1.683,1.689,572478866
2010,10,28,1.978,1.696,1.68,1.695,308386156
2010,10,29,2.057,1.713,1.69,1.697,284449181
2010,11,1,2.045,1.722,1.679,1.717,367380235
2010,11,2,2.058,1.729,1.704,1.723,334060174
2010,11,3,2.07,1.73,1.691,1.694,440737645
2010,11,4,2.05,1.728,1.699,1.725,545740864
2010,11,5,2.045,1.729,1.713,1.718,271507511
2010,11,8,2.006,1.723,1.7,1.71,328359458
2010,11,9,1.976,1.707,1.682,1.689,364125899
2010,11,10,1.953,1.7,1.679,1.681,346598389
2010,11,11,1.892,1.703,1.682,1.693,258341118
2010,11,12,1.887,1.716,1.682,1.714,401041388
2010,11,15,1.88,1.711,1.688,1.694,334651487
2010,11,16,1.87,1.723,1.688,1.693,584933619
2010,11,17,1.905,1.695,1.672,1.674,439162405
2010,11,18,1.953,1.689,1.654,1.663,609115477
2010,11,19,1.91,1.671,1.655,1.665,293296352
2010,11,22,1.845,1.71,1.663,1.686,635549688
2010,11,23,1.925,1.708,1.678,1.708,651709348
2010,11,24,1.923,1.702,1.683,1.685,341510512
2010,11,25,1.907,1.705,1.681,1.7,396694104
2010,11,26,1.891,1.716,1.688,1.693,301441734
2010,11,29,1.876,1.699,1.667,1.687,382480051
2010,11,30,1.846,1.684,1.666,1.669,364274086
2010,12,1,1.831,1.672,1.657,1.664,289719666
2010,12,2,1.839,1.668,1.637,1.639,455367384
2010,12,3,1.835,1.647,1.631,1.641,268529593
2010,12,6,1.814,1.663,1.646,1.663,343837861
2010,12,7,1.831,1.651,1.621,1.621,444156767
2010,12,8,1.906,1.628,1.611,1.622,366697447
2010,12,9,1.903,1.62,1.571,1.6,613483303
2010,12,10,1.91,1.676,1.608,1.675,695942246
2010,12,13,1.894,1.675,1.653,1.656,414040185
2010,12,14,1.863,1.675,1.649,1.66,426576506
2010,12,15,1.834,1.65,1.625,1.644,466427149
2010,12,16,1.792,1.651,1.636,1.639,402462163
2010,12,17,1.784,1.655,1.626,1.63,504694354
2010,12,20,1.784,1.638,1.623,1.627,347230878
2010,12,21,1.79,1.655,1.624,1.643,464927974
2010,12,22,1.763,1.676,1.645,1.659,513417488
2010,12,23,1.775,1.666,1.652,1.656,313398035
2010,12,24,1.787,1.69,1.651,1.675,775532943
2010,12,27,1.804,1.682,1.659,1.676,461767770
2010,12,28,1.786,1.708,1.672,1.696,542629581
2010,12,29,1.773,1.698,1.687,1.69,338694573
2010,12,30,1.752,1.686,1.667,1.672,433133013
2010,12,31,1.768,1.685,1.663,1.666,363247237
2011,1,4,1.75,1.676,1.662,1.668,368446750
2011,1,5,1.773,1.661,1.63,1.639,413036870
2011,1,6,1.825,1.639,1.628,1.629,347785103
2011,1,7,1.826,1.631,1.612,1.627,372347204
2011,1,10,1.765,1.636,1.601,1.603,391510992
2011,1,11,1.785,1.607,1.593,1.595,403994111
2011,1,12,1.783,1.607,1.594,1.599,381525690
2011,1,13,1.76,1.608,1.58,1.581,443909087
2011,1,14,1.771,1.584,1.539,1.543,632084960
2011,1,17,1.801,1.554,1.53,1.542,511543571
2011,1,18,1.811,1.558,1.53,1.54,463261718
2011,1,19,1.826,1.548,1.534,1.546,453779957
2011,1,20,1.821,1.545,1.521,1.527,435516074
2011,1,21,1.8,1.56,1.525,1.549,443014993
2011,1,24,1.821,1.558,1.543,1.548,394954252
2011,1,25,1.805,1.576,1.538,1.571,614116675
2011,1,26,1.786,1.567,1.552,1.558,287784770
2011,1,27,1.78,1.553,1.531,1.535,416293336
2011,1,28,1.819,1.533,1.5,1.513,492912375
2011,1,31,1.844,1.515,1.499,1.512,313911842
2011,2,1,1.858,1.526,1.503,1.513,431202598
2011,2,9,1.851,1.524,1.501,1.503,511350611
2011,2,10,1.846,1.507,1.493,1.497,421332191
2011,2,11,1.831,1.507,1.489,1.491,640383245
2011,2,14,1.827,1.502,1.481,1.495,469859801
2011,2,15,1.827,1.495,1.478,1.487,307782488
2011,2,16,1.872,1.501,1.481,1.49,324563690
2011,2,17,1.856,1.488,1.47,1.473,354405852
2011,2,18,1.858,1.474,1.458,1.465,341205358
2011,2,21,1.843,1.486,1.466,1.474,369079217
2011,2,22,1.842,1.515,1.476,1.513,521483868
2011,2,23,1.827,1.512,1.495,1.499,289789704
2011,2,24,1.811,1.514,1.49,1.499,404345306
2011,2,25,1.796,1.492,1.475,1.478,310891575
2011,2,28,1.749,1.491,1.477,1.486,262287472
2011,3,1,1.725,1.495,1.487,1.492,187728766
2011,3,2,1.729,1.49,1.475,1.475,218609648
2011,3,3,1.72,1.473,1.459,1.472,245496892
2011,3,4,1.715,1.503,1.477,1.501,460391272
2011,3,7,1.7,1.533,1.496,1.526,623025669
2011,3,8,1.63,1.535,1.519,1.522,401730675
2011,3,9,1.645,1.545,1.516,1.527,456395765
2011,3,10,1.532,1.532,1.523,1.53,266987794
2011,3,11,1.551,1.546,1.526,1.534,387485305
2011,3,14,1.536,1.532,1.501,1.506,515769337
2011,3,15,1.535,1.54,1.501,1.529,663320629
2011,3,16,1.566,1.554,1.516,1.518,623963770
2011,3,17,1.583,1.521,1.496,1.502,328483521
2011,3,18,1.56,1.488,1.458,1.467,468732567
2011,3,21,1.545,1.474,1.436,1.44,458014458
2011,3,22,1.573,1.446,1.429,1.44,387057259
2011,3,23,1.559,1.46,1.433,1.451,455763249
2011,3,24,1.545,1.465,1.432,1.461,464017930
2011,3,25,1.541,1.465,1.45,1.458,319773651
2011,3,28,1.595,1.465,1.447,1.459,332570243
2011,3,29,1.678,1.464,1.444,1.444,254666918
2011,3,30,1.641,1.463,1.434,1.456,421893834
2011,3,31,1.642,1.47,1.449,1.452,319640326
2011,4,1,1.645,1.444,1.406,1.408,432830984
2011,4,6,1.62,1.421,1.402,1.41,433139682
2011,4,7,1.597,1.428,1.402,1.414,419262849
2011,4,8,1.535,1.449,1.418,1.434,457767208
2011,4,11,1.565,1.436,1.416,1.422,196209439
2011,4,12,1.59,1.437,1.422,1.434,250946201
2011,4,13,1.583,1.437,1.424,1.425,245516577
2011,4,14,1.565,1.423,1.406,1.419,331866195
2011,4,15,1.556,1.434,1.407,1.408,379443759
2011,4,18,1.536,1.468,1.403,1.463,825467935
2011,4,19,1.565,1.485,1.46,1.476,641134152
2011,4,20,1.561,1.482,1.463,1.465,383350604
2011,4,21,1.6,1.477,1.46,1.463,323369498
2011,4,22,1.589,1.485,1.45,1.464,546016226
2011,4,25,1.596,1.481,1.462,1.471,564255706
2011,4,26,1.603,1.476,1.454,1.464,364409953
2011,4,27,1.596,1.479,1.459,1.469,446023933
2011,4,28,1.606,1.491,1.47,1.488,619125380
2011,4,29,1.615,1.502,1.475,1.475,557376855
2011,5,3,1.663,1.489,1.466,1.488,491083367
2011,5,4,1.673,1.54,1.485,1.532,863753791
2011,5,5,1.673,1.536,1.524,1.528,399524202
2011,5,6,1.641,1.585,1.519,1.567,876352839
2011,5,9,1.629,1.572,1.551,1.561,584037237
2011,5,10,1.656,1.565,1.545,1.552,403141730
2011,5,11,1.648,1.548,1.517,1.522,501375829
2011,5,12,1.635,1.534,1.512,1.522,432877715
2011,5,13,1.643,1.53,1.513,1.516,327915707
2011,5,16,1.624,1.521,1.499,1.515,468765122
2011,5,17,1.652,1.523,1.488,1.489,450441299
2011,5,18,1.642,1.508,1.485,1.505,486762656
2011,5,19,1.658,1.513,1.498,1.505,387478247
2011,5,20,1.638,1.521,1.5,1.509,363321364
2011,5,23,1.65,1.519,1.499,1.5,397264696
2011,5,24,1.651,1.501,1.48,1.483,376856390
2011,5,25,1.665,1.495,1.477,1.493,475628329
2011,5,26,1.668,1.495,1.487,1.492,282706603
2011,5,27,1.661,1.49,1.471,1.483,320350617
2011,5,30,1.698,1.495,1.478,1.481,353322540
2011,5,31,1.778,1.481,1.471,1.473,315653653
2011,6,1,1.811,1.496,1.469,1.476,525161995
2011,6,2,1.803,1.481,1.471,1.476,411218299
2011,6,3,1.831,1.507,1.478,1.503,632071353
2011,6,7,1.819,1.505,1.495,1.496,288566225
2011,6,8,1.801,1.506,1.495,1.498,243800548
2011,6,9,1.756,1.498,1.484,1.484,317292116
2011,6,10,1.765,1.489,1.478,1.481,289055548
2011,6,13,1.769,1.477,1.451,1.457,404180185
2011,6,14,1.726,1.465,1.453,1.455,262512561
2011,6,15,1.715,1.471,1.443,1.469,380416867
2011,6,16,1.685,1.49,1.465,1.466,459244838
2011,6,17,1.702,1.482,1.467,1.48,367558067
2011,6,20,1.69,1.495,1.477,1.482,350940194
2011,6,21,1.709,1.486,1.476,1.478,302460431
2011,6,22,1.725,1.49,1.47,1.488,366135259
2011,6,23,1.705,1.493,1.481,1.482,361175390
2011,6,24,1.726,1.485,1.474,1.477,296468316
2011,6,27,1.719,1.488,1.473,1.473,274254463
2011,6,28,1.705,1.474,1.458,1.464,265025045
2011,6,29,1.697,1.482,1.46,1.481,276642510
2011,6,30,1.683,1.481,1.461,1.469,286439052
2011,7,1,1.695,1.488,1.461,1.472,434378138
2011,7,4,1.711,1.49,1.471,1.49,463991339
2011,7,5,1.704,1.488,1.48,1.484,324852247
2011,7,6,1.69,1.487,1.48,1.481,262987273
2011,7,7,1.675,1.506,1.479,1.5,494442345
2011,7,8,1.666,1.52,1.498,1.516,620840629
2011,7,11,1.668,1.512,1.501,1.502,430793801
2011,7,12,1.688,1.505,1.495,1.496,389876848
2011,7,13,1.7,1.501,1.474,1.478,454067501
2011,7,14,1.687,1.487,1.478,1.485,390180051
2011,7,15,1.707,1.493,1.479,1.48,317678975
2011,7,18,1.683,1.49,1.479,1.489,264853994
2011,7,19,1.679,1.49,1.48,1.482,229750973
2011,7,20,1.669,1.492,1.483,1.49,297557451
2011,7,21,1.659,1.495,1.483,1.486,300442215
2011,7,22,1.638,1.5,1.487,1.497,428760879
2011,7,25,1.646,1.505,1.489,1.493,289802303
2011,7,26,1.651,1.502,1.491,1.501,396305632
2011,7,27,1.621,1.509,1.497,1.505,419994634
2011,7,28,1.571,1.512,1.504,1.51,351333924
2011,7,29,1.615,1.514,1.506,1.511,273888363
2011,8,1,1.675,1.511,1.501,1.508,285635987
2011,8,2,1.668,1.509,1.492,1.492,379637560
2011,8,3,1.65,1.496,1.487,1.491,255357875
2011,8,4,1.647,1.503,1.49,1.498,242832832
2011,8,5,1.629,1.512,1.496,1.511,270744513
2011,8,8,1.629,1.516,1.508,1.513,240586186
2011,8,9,1.627,1.52,1.511,1.512,295883611
2011,8,10,1.648,1.513,1.504,1.507,234209008
2011,8,11,1.665,1.522,1.504,1.516,326389533
2011,8,12,1.66,1.521,1.512,1.515,211434139
2011,8,15,1.667,1.537,1.511,1.533,423261270
2011,8,16,1.676,1.55,1.532,1.545,458987544
2011,8,17,1.693,1.584,1.545,1.58,756626096
2011,8,18,1.684,1.596,1.577,1.596,565665513
2011,8,19,1.677,1.656,1.602,1.647,1005061010
2011,8,22,1.67,1.658,1.641,1.65,526852119
2011,8,23,1.661,1.661,1.641,1.642,460145520
2011,8,24,1.634,1.667,1.639,1.666,458903313
2011,8,25,1.618,1.682,1.648,1.649,826284545
2011,8,26,1.634,1.687,1.651,1.685,733984208
2011,8,29,1.605,1.687,1.663,1.672,602999517
2011,8,30,1.597,1.669,1.643,1.658,613115284
2011,8,31,1.605,1.663,1.631,1.633,555214875
2011,9,1,1.582,1.643,1.628,1.637,364971249
2011,9,2,1.545,1.664,1.64,1.659,494120452
2011,9,5,1.548,1.656,1.642,1.647,317461240
2011,9,6,1.542,1.661,1.637,1.651,378912142
2011,9,7,1.544,1.655,1.637,1.637,358514146
2011,9,8,1.529,1.658,1.635,1.653,516503582
2011,9,9,1.557,1.664,1.648,1.654,459561802
2011,9,13,1.545,1.659,1.641,1.649,386939191
2011,9,14,1.566,1.648,1.64,1.645,332418253
2011,9,15,1.552,1.644,1.62,1.629,406796709
2011,9,16,1.533,1.641,1.624,1.635,362220800
2011,9,19,1.503,1.639,1.618,1.62,414720926
2011,9,20,1.512,1.626,1.612,1.617,446426124
2011,9,21,1.508,1.621,1.613,1.615,319048260
2011,9,22,1.502,1.622,1.609,1.612,445464206
2011,9,23,1.498,1.624,1.61,1.623,467579361
2011,9,26,1.492,1.628,1.616,1.626,578407992
2011,9,27,1.495,1.652,1.621,1.649,696721007
2011,9,28,1.487,1.671,1.652,1.667,667050820
2011,9,29,1.485,1.681,1.663,1.679,551680423
2011,9,30,1.473,1.702,1.682,1.699,565091478
2011,10,10,1.467,1.702,1.684,1.685,484590455
2011,10,11,1.479,1.679,1.667,1.671,488219054
2011,10,12,1.51,1.692,1.66,1.666,579329066
2011,10,13,1.491,1.676,1.657,1.675,381478857
2011,10,14,1.49,1.672,1.656,1.669,392154004
2011,10,17,1.48,1.672,1.642,1.644,526996634
2011,10,18,1.49,1.654,1.64,1.648,519199216
2011,10,19,1.49,1.66,1.64,1.652,483338263
2011,10,20,1.465,1.667,1.648,1.665,394677527
2011,10,21,1.477,1.657,1.623,1.628,418604312
2011,10,24,1.5,1.641,1.627,1.64,621001146
2011,10,25,1.528,1.673,1.628,1.672,640543788
2011,10,26,1.52,1.682,1.66,1.661,499306571
2011,10,27,1.524,1.664,1.649,1.662,356402542
2011,10,28,1.545,1.67,1.656,1.667,653669449
2011,10,31,1.532,1.668,1.66,1.666,291936674
2011,11,1,1.505,1.676,1.66,1.676,387555093
2011,11,2,1.534,1.682,1.669,1.677,370599742
2011,11,3,1.515,1.674,1.661,1.664,354325213
2011,11,4,1.488,1.66,1.641,1.653,384191511
2011,11,7,1.467,1.66,1.639,1.643,346573165
2011,11,8,1.432,1.661,1.637,1.66,379535347
2011,11,9,1.444,1.673,1.646,1.655,443401634
2011,11,10,1.449,1.661,1.639,1.65,485893117
2011,11,11,1.458,1.659,1.649,1.655,330949202
2011,11,14,1.453,1.659,1.645,1.646,348298195
2011,11,15,1.462,1.658,1.642,1.644,404664342
2011,11,16,1.443,1.649,1.631,1.632,421969273
2011,11,17,1.455,1.637,1.627,1.629,366086224
2011,11,18,1.443,1.619,1.602,1.604,436866687
2011,11,21,1.408,1.631,1.606,1.629,451252034
2011,11,22,1.407,1.661,1.631,1.651,428852463
2011,11,23,1.425,1.67,1.646,1.663,367772595
2011,11,24,1.429,1.715,1.669,1.705,667371380
2011,11,25,1.433,1.71,1.693,1.695,481080054
2011,11,28,1.434,1.696,1.686,1.69,435722081
2011,11,29,1.423,1.693,1.679,1.685,416084561
2011,11,30,1.412,1.693,1.674,1.682,468757340
2011,12,1,1.406,1.716,1.679,1.687,583039095
2011,12,2,1.466,1.737,1.704,1.735,568984178
2011,12,5,1.47,1.788,1.741,1.757,849723103
2011,12,6,1.472,1.778,1.743,1.776,513409601
2011,12,7,1.46,1.798,1.768,1.775,581907438
2011,12,8,1.464,1.775,1.756,1.774,487767130
2011,12,9,1.475,1.768,1.708,1.709,427945677
2011,12,12,1.464,1.715,1.681,1.684,383172704
2011,12,13,1.471,1.686,1.67,1.675,427270620
2011,12,14,1.495,1.686,1.665,1.678,449205866
2011,12,15,1.473,1.723,1.673,1.72,594090950
2011,12,16,1.485,1.78,1.727,1.759,764341555
2011,12,19,1.534,1.78,1.754,1.774,757433705
2011,12,20,1.529,1.816,1.782,1.816,630577662
2011,12,21,1.567,1.852,1.825,1.851,716636294
2011,12,22,1.56,1.918,1.843,1.912,894655638
2011,12,23,1.548,1.963,1.915,1.918,980368036
2011,12,26,1.516,2.043,1.906,2.023,1191051842
2011,12,27,1.529,2.108,2,2.033,1222552336
2011,12,28,1.51,2.18,2.03,2.179,1111029115
2011,12,29,1.504,2.257,2.116,2.196,1602849599
2011,12,30,1.488,2.329,2.143,2.312,1216250843
2012,1,4,1.5,2.4,2.135,2.169,1590364544
2012,1,5,1.504,2.247,2.101,2.239,1596527452
2012,1,6,1.513,2.25,2.175,2.182,1232954233
2012,1,9,1.498,2.234,2.161,2.182,940356173
2012,1,10,1.483,2.195,2.124,2.184,945613283
2012,1,11,1.492,2.283,2.178,2.281,1329242849
2012,1,12,1.489,2.369,2.28,2.356,1350575467
2012,1,13,1.479,2.388,2.321,2.338,1114714044
2012,1,16,1.478,2.381,2.283,2.368,1303056415
2012,1,17,1.471,2.457,2.355,2.405,1410719886
2012,1,18,1.479,2.44,2.33,2.353,1031005576
2012,1,19,1.487,2.363,2.228,2.256,1231617394
2012,1,20,1.502,2.345,2.252,2.344,1077186153
2012,1,30,1.497,2.455,2.341,2.452,1376103377
2012,1,31,1.497,2.534,2.42,2.459,1497711852
2012,2,1,1.484,2.52,2.44,2.492,1853951164
2012,2,2,1.477,2.562,2.481,2.552,1718050960
2012,2,3,1.462,2.655,2.555,2.622,1596469294
2012,2,6,1.453,2.651,2.561,2.592,1556186768
2012,2,7,1.468,2.622,2.558,2.588,888796922
2012,2,8,1.467,2.61,2.51,2.518,793662491
2012,2,9,1.486,2.644,2.496,2.524,1156150490
2012,2,10,1.483,2.555,2.458,2.5,1514645300
2012,2,13,1.478,2.524,2.471,2.485,853799896
2012,2,14,1.489,2.53,2.466,2.494,1207694509
2012,2,15,1.481,2.59,2.475,2.586,1940225880
2012,2,16,1.478,2.634,2.581,2.604,1693215256
2012,2,17,1.473,2.465,2.344,2.344,1800415951
2012,2,20,1.463,2.4,2.316,2.361,1838117079
2012,2,21,1.481,2.517,2.372,2.503,1644295661
2012,2,22,1.463,2.515,2.462,2.499,1653108866
2012,2,23,1.477,2.569,2.499,2.524,1946775068
2012,2,24,1.484,2.531,2.485,2.519,1096595047
2012,2,27,1.483,2.532,2.436,2.478,1388384690
2012,2,28,1.48,2.493,2.435,2.442,1416961658
2012,2,29,1.5,2.422,2.379,2.4,979790731
2012,3,1,1.512,2.433,2.358,2.367,1143491616
2012,3,2,1.502,2.342,2.293,2.299,1176367767
2012,3,5,1.496,2.378,2.3,2.367,1235914923
2012,3,6,1.479,2.404,2.331,2.334,1244132380
2012,3,7,1.486,2.426,2.313,2.316,1549460973
2012,3,8,1.48,2.333,2.27,2.291,1463378003
2012,3,9,1.49,2.359,2.28,2.331,1639267497
2012,3,12,1.484,2.374,2.321,2.369,1404951511
2012,3,13,1.489,2.388,2.359,2.38,949834225
2012,3,14,1.487,2.391,2.351,2.384,728166821
2012,3,15,1.504,2.429,2.382,2.39,1073007399
2012,3,16,1.495,2.403,2.379,2.394,656174077
2012,3,19,1.5,2.429,2.401,2.411,707313830
2012,3,20,1.504,2.411,2.359,2.37,621418719
2012,3,21,1.51,2.452,2.348,2.45,1277919845
2012,3,22,1.51,2.465,2.428,2.438,864907571
2012,3,23,1.508,2.46,2.424,2.441,1123464267
2012,3,26,1.492,2.427,2.36,2.364,1090539795
2012,3,27,1.49,2.381,2.342,2.362,1077661313
2012,3,28,1.499,2.351,2.312,2.334,1168613198
2012,3,29,1.511,2.361,2.333,2.339,1273296602
2012,3,30,1.513,2.41,2.289,2.397,1616493725
2012,4,5,1.51,2.389,2.355,2.359,1140339299
2012,4,6,1.506,2.41,2.362,2.374,1076556763
2012,4,9,1.516,2.472,2.388,2.448,1531205838
2012,4,10,1.512,2.495,2.44,2.455,1220491331
2012,4,11,1.533,2.513,2.451,2.51,1159802140
2012,4,12,1.545,2.549,2.519,2.543,1000452162
2012,4,13,1.583,2.614,2.55,2.611,1140666857
2012,4,16,1.602,2.61,2.575,2.587,1269959953
2012,4,17,1.648,2.668,2.576,2.635,1194598645
2012,4,18,1.647,2.683,2.647,2.676,1015275976
2012,4,19,1.642,2.678,2.608,2.638,1194593514
2012,4,20,1.66,2.649,2.582,2.604,976579744
2012,4,23,1.656,2.673,2.577,2.643,1083022777
2012,4,24,1.686,2.673,2.621,2.649,696578915
2012,4,25,1.661,2.752,2.661,2.74,1211519148
2012,4,26,1.659,2.815,2.7,2.707,1151864801
2012,4,27,1.636,2.767,2.71,2.753,934389633
2012,5,2,1.644,2.784,2.704,2.739,767612102
2012,5,3,1.656,2.776,2.724,2.773,935870360
2012,5,4,1.649,2.847,2.788,2.842,1030475020
2012,5,7,1.652,2.911,2.83,2.898,1722049795
2012,5,8,1.638,2.978,2.867,2.877,1618281170
2012,5,9,1.655,2.948,2.867,2.936,1001361824
2012,5,10,1.656,3.009,2.965,2.991,1175705404
2012,5,11,1.646,3.024,2.966,2.999,1341788811
2012,5,14,1.64,3.078,2.987,3.011,1503258436
2012,5,15,1.627,3.147,2.982,3.145,3471117174
2012,5,16,1.637,3.246,3.157,3.185,3099213430
2012,5,17,1.618,3.232,3.09,3.103,3133739781
2012,5,18,1.617,3.15,3.079,3.141,1534753660
2012,5,21,1.616,3.248,3.147,3.241,3647140708
2012,5,22,1.612,3.256,3.185,3.212,1892025227
2012,5,23,1.622,3.192,3.103,3.171,1918718666
2012,5,24,1.629,3.26,3.195,3.255,1827485311
2012,5,25,1.655,3.307,3.199,3.228,2358123662
2012,5,28,1.669,3.246,3.187,3.22,1586207850
2012,5,29,1.685,3.249,3.196,3.198,960557350
2012,5,30,1.699,3.217,3.15,3.211,1167304106
2012,5,31,1.679,3.211,3.083,3.096,1510710824
2012,6,1,1.671,3.188,3.053,3.083,1761916625
2012,6,4,1.661,3.09,3.04,3.045,1534672932
2012,6,5,1.663,3.078,2.991,3.055,1442657665
2012,6,6,1.67,3.116,3.02,3.11,1374490608
2012,6,7,1.651,3.143,3.079,3.129,1461961355
2012,6,8,1.646,3.135,3.067,3.084,1261806545
2012,6,11,1.652,3.099,3.055,3.073,1329476309
2012,6,12,1.657,3.073,2.995,3.006,1837572236
2012,6,13,1.628,2.999,2.945,2.946,1329130043
2012,6,14,1.633,3.073,2.94,3.066,1743883058
2012,6,15,1.68,3.127,3.051,3.066,2436702131
2012,6,18,1.659,3.114,3.065,3.104,1062602526
2012,6,19,1.665,3.201,3.118,3.199,2373640443
2012,6,20,1.667,3.306,3.216,3.303,2330479075
2012,6,21,1.668,3.347,3.261,3.32,1877364393
2012,6,25,1.677,3.351,3.266,3.285,1903846280
2012,6,26,1.667,3.3,3.05,3.079,2265428565
2012,6,27,1.66,3.114,2.996,3.066,1868000702
2012,6,28,1.648,3.21,3.031,3.198,1419662839
2012,6,29,1.644,3.219,3.149,3.209,1234532815
2012,7,2,1.651,3.213,3.147,3.191,1000194214
2012,7,3,1.656,3.277,3.05,3.259,2103848737
2012,7,4,1.656,3.35,3.188,3.254,1866872359
2012,7,5,1.655,3.448,3.256,3.427,3245881053
2012,7,6,1.646,3.465,3.326,3.361,3311958534
2012,7,9,1.643,3.375,3.291,3.32,1744912899
2012,7,10,1.633,3.345,3.27,3.3,2217088590
2012,7,11,1.619,3.338,3.27,3.313,1725316156
2012,7,12,1.607,3.349,3.21,3.216,2842011110
2012,7,13,1.636,3.239,3.111,3.148,2500597276
2012,7,16,1.651,3.19,3.114,3.175,2449588993
2012,7,17,1.669,3.157,3.03,3.042,1553765358
2012,7,18,1.706,3.04,2.865,2.874,2122214821
2012,7,19,1.691,2.989,2.8,2.976,2573711425
2012,7,20,1.691,3.03,2.92,3.018,2269673751
2012,7,23,1.687,3.06,2.906,2.919,2239861306
2012,7,24,1.682,2.931,2.635,2.686,4091997209
2012,7,25,1.715,2.799,2.481,2.66,7737937085
2012,7,26,1.747,2.855,2.601,2.851,6802366362
2012,7,27,1.749,2.85,2.689,2.728,4433403139
2012,7,30,1.78,2.793,2.58,2.684,5865295181
2012,7,31,1.77,2.728,2.5,2.579,4464872090
2012,8,1,1.763,2.837,2.635,2.742,9146831430
2012,8,2,1.711,2.82,2.607,2.79,6650103182
2012,8,3,1.683,2.757,2.511,2.604,7054986215
2012,8,6,1.67,2.856,2.477,2.792,3893441316
2012,8,7,1.68,3.01,2.71,2.905,4152573356
2012,8,8,1.728,2.949,2.795,2.862,2921906077
2012,8,9,1.757,2.839,2.716,2.762,2216741508
2012,8,10,1.782,2.777,2.665,2.749,2962960292
2012,8,13,1.828,2.778,2.7,2.74,2330590973
2012,8,14,1.851,2.835,2.722,2.803,1791239971
2012,8,15,1.933,2.812,2.758,2.777,1369040808
2012,8,16,1.907,2.8,2.731,2.768,1021324858
2012,8,17,2.036,2.77,2.72,2.737,854165037
2012,8,20,2.045,2.796,2.737,2.794,1337961149
2012,8,21,2.206,2.805,2.734,2.745,1092095260
2012,8,22,2.175,2.722,2.49,2.494,1379427033
2012,8,23,2.28,2.531,2.406,2.484,2612182112
2012,8,24,2.186,2.54,2.462,2.534,1093043657
2012,8,27,2.217,2.548,2.46,2.469,908665332
2012,8,28,2.182,2.496,2.436,2.462,926730220
2012,8,29,2.177,2.479,2.42,2.478,728000383
2012,8,30,2.188,2.542,2.467,2.54,689233513
2012,8,31,2.3,2.535,2.489,2.491,647448227
2012,9,3,2.358,2.508,2.451,2.471,654783856
2012,9,4,2.341,2.522,2.48,2.504,702485353
2012,9,5,2.37,2.63,2.515,2.616,703324932
2012,9,6,2.378,2.619,2.577,2.59,458023743
2012,9,7,2.356,2.6,2.556,2.564,547843084
2012,9,10,2.28,2.585,2.523,2.576,661136267
2012,9,11,2.345,2.591,2.564,2.575,561500764
2012,9,12,2.51,2.561,2.524,2.548,483713502
2012,9,13,2.459,2.571,2.39,2.41,857814723
2012,9,14,2.499,2.44,2.328,2.427,1451342721
2012,9,17,2.58,2.42,2.36,2.361,701199353
2012,9,18,2.6,2.362,2.267,2.274,1020528200
2012,9,19,2.575,2.216,2.047,2.047,1018573348
2012,9,20,2.599,2.05,1.869,1.886,1963701298
2012,9,21,2.51,2.034,1.879,1.946,2464277299
2012,9,24,2.553,2.12,1.962,2.11,1705422463
2012,9,25,2.5,2.174,2.097,2.168,1788365928
2012,9,26,2.495,2.213,2.076,2.209,1253607608
2012,9,27,2.494,2.244,2.103,2.228,1786786123
2012,9,28,2.598,2.247,2.142,2.236,1775174081
2012,10,8,2.43,2.255,2.133,2.14,701801843
2012,10,9,2.341,2.188,2.085,2.177,882662692
2012,10,10,2.386,2.228,2.178,2.209,777486572
2012,10,11,2.51,2.219,2.178,2.206,638374500
2012,10,12,2.514,2.22,2.184,2.193,420897876
2012,10,15,2.531,2.225,2.122,2.223,868275393
2012,10,16,2.529,2.189,2.146,2.167,742104918
2012,10,17,2.452,2.285,2.143,2.242,623954083
2012,10,18,2.403,2.259,2.196,2.198,723452278
2012,10,19,2.415,2.225,2.191,2.198,498441689
2012,10,22,2.301,2.221,2.178,2.212,305409230
2012,10,23,2.329,2.259,2.21,2.237,415724837
2012,10,24,2.375,2.22,2.177,2.18,290194892
2012,10,25,2.42,2.199,2.172,2.187,176907290
2012,10,26,2.311,2.187,2.145,2.171,273127698
2012,10,29,2.291,2.18,2.147,2.174,157721579
2012,10,30,2.331,2.154,2.119,2.127,123856695
2012,10,31,2.371,2.169,2.138,2.147,111796125
2012,11,1,2.379,2.243,2.193,2.196,183101777
2012,11,2,2.39,2.228,2.198,2.221,179145905
2012,11,5,2.39,2.317,2.226,2.288,291580973
2012,11,6,2.401,2.285,2.266,2.279,257545180
2012,11,7,2.411,2.288,2.256,2.258,188263659
2012,11,8,2.368,2.307,2.254,2.304,304426199
2012,11,9,2.447,2.333,2.306,2.322,344854039
2012,11,12,2.456,2.345,2.298,2.32,286968403
2012,11,13,2.427,2.343,2.3,2.341,231423504
2012,11,14,2.368,2.368,2.271,2.32,448090921
2012,11,15,2.345,2.338,2.3,2.333,320496797
2012,11,16,2.335,2.355,2.32,2.35,281692775
2012,11,19,2.3,2.385,2.331,2.35,318977852
2012,11,20,2.381,2.36,2.303,2.348,368848808
2012,11,21,2.363,2.341,2.305,2.308,335176291
2012,11,22,2.404,2.324,2.295,2.311,221076833
2012,11,23,2.458,2.336,2.298,2.31,229814572
2012,11,26,2.472,2.314,2.281,2.283,233551516
2012,11,27,2.537,2.297,2.264,2.272,224054769
2012,11,28,2.55,2.389,2.277,2.386,624206862
2012,11,29,2.604,2.515,2.369,2.445,798096127
2012,11,30,2.599,2.506,2.422,2.499,537688923
2012,12,3,2.656,2.589,2.497,2.532,712933575
2012,12,4,2.676,2.554,2.5,2.521,400171016
2012,12,5,2.63,2.521,2.468,2.504,355086714
2012,12,6,2.59,2.516,2.461,2.47,271888470
2012,12,7,2.65,2.477,2.438,2.444,281752116
2012,12,10,2.674,2.454,2.403,2.449,212102856
2012,12,11,2.783,2.512,2.445,2.45,347478520
2012,12,12,2.713,2.47,2.431,2.438,262823487
2012,12,13,2.78,2.475,2.434,2.471,248218236
2012,12,14,2.726,2.48,2.453,2.459,239285711
2012,12,17,2.799,2.481,2.42,2.45,227301916
2012,12,18,2.855,2.445,2.417,2.444,249898560
2012,12,19,2.911,2.459,2.423,2.454,390308921
2012,12,20,2.878,2.478,2.443,2.447,290801550
2012,12,21,2.99,2.439,2.296,2.318,490673883
2012,12,24,2.991,2.345,2.285,2.329,354508666
2012,12,25,2.999,2.367,2.309,2.339,287561554
2012,12,26,3.023,2.468,2.332,2.462,657511692
2012,12,27,3.24,2.476,2.421,2.46,493260653
2012,12,28,3.203,2.443,2.387,2.398,390429828
2012,12,31,3.11,2.411,2.376,2.39,287467602
2013,1,4,3.171,2.39,2.351,2.366,340155076
2013,1,7,3.25,2.386,2.353,2.369,317773996
2013,1,8,3.172,2.405,2.347,2.355,314261947
2013,1,9,3.203,2.358,2.321,2.344,249044091
2013,1,10,3.25,2.42,2.319,2.415,371982384
2013,1,11,3.22,2.409,2.369,2.382,314791124
2013,1,14,3.235,2.394,2.366,2.372,242253109
2013,1,15,3.2,2.425,2.383,2.401,380695994
2013,1,16,3.209,2.458,2.393,2.422,461902335
2013,1,17,3.11,2.511,2.405,2.499,668957913
2013,1,18,3.08,2.503,2.472,2.49,316366194
2013,1,21,3.071,2.545,2.485,2.499,710997179
2013,1,22,3.055,2.499,2.45,2.478,387187062
2013,1,23,3.103,2.493,2.47,2.486,173585789
2013,1,24,3.129,2.495,2.408,2.412,274040618
2013,1,25,3.077,2.434,2.406,2.432,296946284
2013,1,28,3.073,2.434,2.395,2.424,275357090
2013,1,29,2.98,2.434,2.405,2.416,345872070
2013,1,30,2.946,2.413,2.271,2.278,298546954
2013,1,31,3.084,2.311,2.23,2.286,645699581
2013,2,1,3.089,2.32,2.275,2.317,400953404
2013,2,4,3.139,2.286,2.165,2.177,89166922
2013,2,5,3.237,2.259,2.156,2.219,576676937
2013,2,6,3.328,2.204,2.123,2.125,633230858
2013,2,7,3.334,2.155,2.117,2.131,451803541
2013,2,8,3.285,2.165,2.11,2.112,563080756
2013,2,18,3.081,2.139,2.06,2.131,624115975
2013,2,19,3.066,2.131,2.06,2.07,507111375
2013,2,20,3.194,2.096,2.037,2.07,389406901
2013,2,21,3.205,2.142,2.061,2.13,515872548
2013,2,22,3.191,2.125,2.072,2.091,349411875
2013,2,25,3.34,2.117,2.04,2.043,343825998
2013,2,26,3.28,2.079,2.031,2.067,358331812
2013,2,27,3.459,2.078,2.054,2.065,197192852
2013,2,28,3.316,2.056,1.95,1.958,416763728
2013,3,1,3.334,1.975,1.918,1.957,516637644
2013,3,4,3.323,1.968,1.906,1.915,388943665
2013,3,5,3.334,1.995,1.918,1.975,429217325
2013,3,6,3.199,1.977,1.925,1.942,216456617
2013,3,7,3.16,1.983,1.939,1.975,259086186
2013,3,8,3.157,1.962,1.932,1.953,240273015
2013,3,11,3.025,1.985,1.96,1.978,294364765
2013,3,12,2.893,1.982,1.965,1.968,278307394
2013,3,13,2.99,1.959,1.919,1.949,245871952
2013,3,14,3.048,2.006,1.955,2.001,293769854
2013,3,15,2.86,2.021,1.995,2.013,271890595
2013,3,18,2.772,2.035,2.008,2.011,210138456
2013,3,19,2.66,2.016,1.994,2.006,202912967
2013,3,20,2.81,2.065,2.015,2.054,394641326
2013,3,21,2.79,2.053,2.016,2.03,223368980
2013,3,22,2.657,2.043,2.009,2.039,296172079
2013,3,25,2.837,2.036,1.914,1.936,376139340
2013,3,26,2.682,1.966,1.93,1.956,419162219
2013,3,27,2.6,1.955,1.89,1.937,424698981
2013,3,28,2.529,1.991,1.929,1.971,340261379
2013,3,29,2.736,2.056,1.974,2.049,437368583
2013,4,1,2.84,2.061,2.035,2.053,345658049
2013,4,2,2.805,2.13,2.04,2.122,655095784
2013,4,3,2.731,2.14,2.096,2.111,432579216
2013,4,8,2.75,2.117,2.035,2.115,421433999
2013,4,9,2.756,2.11,2.052,2.107,451953645
2013,4,10,2.794,2.106,2.055,2.059,296200933
2013,4,11,2.731,2.071,2.039,2.066,346669113
2013,4,12,2.755,2.12,2.072,2.076,326317038
2013,4,15,2.737,2.104,2.055,2.098,411197497
2013,4,16,2.791,2.141,2.082,2.135,494151582
2013,4,17,2.721,2.159,2.111,2.132,381997732
2013,4,18,2.444,2.167,2.131,2.14,537871058
2013,4,19,2.5,2.215,2.154,2.192,706321192
2013,4,22,2.524,2.193,2.165,2.169,433733013
2013,4,23,2.46,2.186,2.154,2.171,592352819
2013,4,24,2.44,2.161,2.136,2.14,339085623
2013,4,25,2.488,2.157,2.135,2.145,395244752
2013,4,26,2.529,2.168,2.117,2.121,329248197
2013,5,2,2.466,2.136,2.098,2.104,402609267
2013,5,3,2.492,2.162,2.121,2.158,351645265
2013,5,6,2.522,2.171,2.146,2.156,246207741
2013,5,7,2.618,2.166,2.116,2.165,346769746
2013,5,8,2.568,2.189,2.146,2.175,403300688
2013,5,9,2.561,2.175,2.157,2.165,219331555
2013,5,10,2.585,2.177,2.136,2.139,235002920
2013,5,13,2.56,2.134,2.112,2.124,271361824
2013,5,14,2.55,2.166,2.139,2.144,288228854
2013,5,15,2.397,2.149,2.133,2.142,177404765
2013,5,16,2.401,2.197,2.154,2.168,548035317
2013,5,17,2.333,2.19,2.164,2.174,306183070
2013,5,20,2.216,2.186,2.17,2.178,305096392
2013,5,21,1.942,2.171,2.15,2.154,219177180
2013,5,22,1.939,2.17,2.153,2.161,205869478
2013,5,23,1.998,2.169,2.093,2.148,575360042
2013,5,24,2.14,2.169,2.129,2.146,349057916
2013,5,27,2.137,2.159,2.121,2.156,248758155
2013,5,28,2.152,2.323,2.279,2.318,426241693
2013,5,29,2.145,2.329,2.305,2.311,405330736
2013,5,30,2.216,2.322,2.293,2.321,297466088
2013,5,31,2.12,2.321,2.267,2.269,551707414
2013,6,3,2.197,2.288,2.27,2.273,267958533
2013,6,4,2.182,2.297,2.273,2.29,245906966
2013,6,5,2.205,2.322,2.274,2.306,417541825
2013,6,6,2.21,2.322,2.291,2.296,343183181
2013,6,7,2.18,2.318,2.282,2.304,577884575
2013,6,13,2.169,2.306,2.275,2.278,431437439
2013,6,14,2.222,2.279,2.232,2.239,646422076
2013,6,17,2.21,2.26,2.236,2.259,349058573
2013,6,18,2.19,2.308,2.26,2.306,576197631
2013,6,19,2.21,2.318,2.288,2.294,471913549
2013,6,20,2.194,2.316,2.282,2.314,439874248
2013,6,21,2.192,2.33,2.309,2.315,495343386
2013,6,24,2.184,2.319,2.288,2.289,372564304
2013,6,25,2.168,2.312,2.288,2.291,403002646
2013,6,26,2.152,2.284,2.255,2.257,373875819
2013,6,27,2.139,2.306,2.255,2.296,474679163
2013,6,28,2.241,2.37,2.306,2.366,967477568
2013,7,1,2.205,2.374,2.352,2.37,453997465
2013,7,2,2.235,2.372,2.343,2.35,441623155
2013,7,3,2.267,2.379,2.35,2.373,493245838
2013,7,4,2.263,2.385,2.367,2.375,360514486
2013,7,5,2.261,2.407,2.365,2.374,562604541
2013,7,8,2.31,2.375,2.348,2.359,511709471
2013,7,9,2.323,2.354,2.314,2.321,443993352
2013,7,10,2.313,2.345,2.323,2.342,346242426
2013,7,11,2.337,2.355,2.301,2.314,424125392
2013,7,12,2.325,2.366,2.313,2.362,1036319572
2013,7,15,2.337,2.38,2.351,2.371,403656380
2013,7,16,2.38,2.373,2.344,2.365,492517770
2013,7,17,2.338,2.362,2.325,2.33,490903802
2013,7,18,2.338,2.305,2.204,2.21,1227931970
2013,7,19,2.312,2.22,2.178,2.202,730104713
2013,7,22,2.305,2.237,2.186,2.233,677941125
2013,7,23,2.291,2.219,2.18,2.182,709689413
2013,7,24,2.288,2.197,2.157,2.168,722810987
2013,7,25,2.277,2.182,2.145,2.15,799815373
2013,7,26,2.375,2.144,2.08,2.111,735802476
2013,7,29,2.441,2.112,2.08,2.105,524045526
2013,7,30,2.5,2.134,2.096,2.098,572707053
2013,7,31,2.511,2.133,2.095,2.131,714107695
2013,8,1,2.517,2.121,2.096,2.102,547507201
2013,8,2,2.51,2.111,2.054,2.107,723996104
2013,8,5,2.45,2.094,2.006,2.009,839942782
2013,8,6,2.404,2.018,1.964,1.986,855935608
2013,8,7,2.46,2.025,1.977,2.013,814778306
2013,8,8,2.451,2.06,1.963,1.974,1015144141
2013,8,9,2.441,2.01,1.953,2.009,1045575151
2013,8,12,2.469,2.053,2,2.047,1001507786
2013,8,13,2.458,2.043,2.018,2.026,555654327
2013,8,14,2.445,2,1.933,1.935,771725143
2013,8,15,2.435,1.989,1.928,1.977,941195922
2013,8,16,2.47,1.997,1.937,1.966,840645765
2013,8,19,2.435,1.982,1.931,1.932,679022684
2013,8,20,2.326,1.955,1.878,1.952,802983923
2013,8,21,2.33,2.027,1.965,2.016,895963124
2013,8,22,2.335,2.001,1.956,1.963,515545548
2013,8,23,2.452,1.986,1.955,1.964,414165628
2013,8,26,2.434,2,1.936,1.994,614595462
2013,8,27,2.397,2.017,1.976,1.983,709172556
2013,8,28,2.375,1.986,1.932,1.94,593673101
2013,8,29,2.361,1.948,1.902,1.921,597566223
2013,8,30,2.372,1.928,1.887,1.918,418117466
2013,9,2,2.342,1.941,1.906,1.907,562833069
2013,9,3,2.323,1.913,1.893,1.906,314690246
2013,9,4,2.403,1.888,1.861,1.867,399848517
2013,9,5,2.386,1.881,1.845,1.859,330622411
2013,9,6,2.384,1.928,1.843,1.921,909263747
2013,9,9,2.396,1.906,1.886,1.89,507987322
2013,9,10,2.407,1.918,1.894,1.897,426963745
2013,9,11,2.496,1.916,1.895,1.896,338591094
2013,9,12,2.49,1.915,1.876,1.88,358989117
2013,9,13,2.496,1.956,1.885,1.948,758845928
2013,9,16,2.48,1.953,1.937,1.945,313034585
2013,9,17,2.487,1.947,1.91,1.926,332778614
2013,9,18,2.411,1.954,1.919,1.937,345618673
2013,9,23,2.433,1.943,1.919,1.931,378242918
2013,9,24,2.418,1.953,1.925,1.932,304091129
2013,9,25,2.411,1.938,1.851,1.853,587908568
2013,9,26,2.26,1.849,1.83,1.835,487900762
2013,9,27,2.29,1.847,1.818,1.823,383684360
2013,9,30,2.286,1.842,1.795,1.837,596043958
2013,10,8,2.236,1.837,1.797,1.819,515792163
2013,10,9,2.18,1.85,1.813,1.849,592391816
2013,10,10,2.14,1.851,1.834,1.85,379166404
2013,10,11,2.153,1.872,1.847,1.855,374439426
2013,10,14,2.075,1.91,1.843,1.897,515495048
2013,10,15,2.12,1.92,1.884,1.908,418954458
2013,10,16,2.04,1.888,1.866,1.879,388114829
2013,10,17,2.07,1.914,1.882,1.891,407506851
2013,10,18,2.117,1.914,1.859,1.861,408115201
2013,10,21,2.075,1.864,1.838,1.858,300303697
2013,10,22,2.065,1.914,1.842,1.902,485990443
2013,10,23,2.07,1.94,1.903,1.936,508304565
2013,10,24,2.052,1.947,1.927,1.936,420885367
2013,10,25,1.965,1.961,1.927,1.959,391422534
2013,10,28,1.943,1.981,1.958,1.971,463091900
2013,10,29,1.918,1.98,1.956,1.974,322591412
2013,10,30,1.974,1.974,1.958,1.962,258974387
2013,10,31,1.942,2.02,1.958,2.018,603357336
2013,11,1,1.955,2.034,2.011,2.021,463818561
2013,11,4,1.964,2.021,2.005,2.016,302084919
2013,11,5,1.977,2.054,2.015,2.049,474355576
2013,11,6,1.925,2.053,2.004,2.005,545608491
2013,11,7,1.956,2.025,1.98,2.012,629255471
2013,11,8,1.999,2.011,1.971,1.983,369945949
2013,11,11,2.023,2.016,1.967,2.014,458282837
2013,11,12,2.008,2.025,1.999,2.016,396139664
2013,11,13,2.024,2.024,1.965,1.966,493237119
2013,11,14,2.052,1.984,1.957,1.968,371774857
2013,11,15,2.024,1.971,1.94,1.945,313713816
2013,11,18,2.033,1.965,1.933,1.961,354766168
2013,11,19,1.946,2.008,1.947,2.004,409273202
2013,11,20,1.947,2.019,1.997,2.014,416730414
2013,11,21,1.94,2.035,2.003,2.005,403166051
2013,11,22,1.974,2.043,2.003,2.026,476368175
2013,11,25,2.044,2.032,1.996,1.998,467286603
2013,11,26,2.046,2.016,1.984,1.993,300866861
2013,11,27,2.12,2.015,1.97,1.99,434402021
2013,11,28,2.104,1.989,1.944,1.949,395870162
2013,11,29,2.072,1.963,1.938,1.944,358408932
2013,12,2,2.084,1.951,1.936,1.948,221579095
2013,12,3,2.042,1.983,1.956,1.974,378090302
2013,12,4,2.081,1.967,1.949,1.955,258298735
2013,12,5,2.075,1.983,1.936,1.948,448284975
2013,12,6,2.085,1.975,1.96,1.967,379190480
2013,12,9,2.131,1.971,1.945,1.959,362264962
2013,12,10,2.135,2.011,1.969,2.01,520258279
2013,12,11,2.16,2.017,1.993,2.004,299268996
2013,12,12,2.185,1.998,1.976,1.988,248971664
2013,12,13,2.164,1.988,1.942,1.951,312479936
2013,12,16,2.161,1.958,1.93,1.947,331023109
2013,12,17,2.138,1.97,1.938,1.956,380971701
2013,12,18,2.152,1.971,1.951,1.956,324011985
2013,12,19,2.125,1.956,1.92,1.923,297352630
2013,12,20,2.121,1.927,1.877,1.893,387597830
2013,12,23,2.164,1.903,1.888,1.891,197198664
2013,12,24,2.152,1.907,1.88,1.897,230225736
2013,12,25,2.152,1.908,1.891,1.898,138721896
2013,12,26,2.168,1.92,1.9,1.914,195970013
2013,12,27,2.17,1.915,1.896,1.897,436571179
2013,12,30,2.128,1.925,1.892,1.903,252733008
2013,12,31,2.139,1.949,1.89,1.948,331703085
2014,1,2,2.144,2.037,1.964,2.026,876185698
2014,1,3,2.154,2.122,2.037,2.101,1076773522
2014,1,6,2.179,2.128,2.084,2.126,551775767
2014,1,7,2.178,2.162,2.121,2.16,697333319
2014,1,8,2.163,2.233,2.182,2.189,977496460
2014,1,9,2.167,2.3,2.178,2.278,1295562771
2014,1,10,2.164,2.35,2.262,2.264,1522946973
2014,1,13,2.134,2.309,2.245,2.307,1073269186
2014,1,14,2.133,2.344,2.262,2.306,1525388275
2014,1,15,2.279,2.32,2.252,2.268,782205686
2014,1,16,2.32,2.282,2.236,2.256,566044376
2014,1,17,2.311,2.325,2.233,2.324,652403226
2014,1,20,2.319,2.336,2.28,2.294,625311344
2014,1,21,2.272,2.318,2.244,2.246,698342033
2014,1,22,2.279,2.265,2.23,2.247,492705044
2014,1,23,2.29,2.255,2.204,2.214,613957601
2014,1,24,2.306,2.27,2.221,2.268,577876800
2014,1,27,2.3,2.292,2.235,2.256,542789655
2014,1,28,2.302,2.285,2.231,2.251,885191223
2014,1,29,2.274,2.286,2.252,2.279,631572557
2014,1,30,2.237,2.35,2.285,2.303,481534157
2014,2,7,2.265,2.321,2.291,2.311,507820303
2014,2,10,2.306,2.31,2.267,2.278,482450074
2014,2,11,2.293,2.266,2.232,2.244,582210472
2014,2,12,2.314,2.302,2.242,2.273,766002869
2014,2,13,2.317,2.271,2.149,2.15,996892683
2014,2,14,2.299,2.168,2.107,2.141,773976122
2014,2,17,2.284,2.106,2.017,2.02,679064614
2014,2,18,2.256,2.034,1.986,2.001,812728137
2014,2,19,2.31,2.036,2,2.024,559805138
2014,2,20,2.366,2.036,1.965,2.027,577740155
2014,2,21,2.368,2.024,1.995,2.005,539552598
2014,2,24,2.35,1.995,1.938,1.964,678164552
2014,2,25,2.378,2.018,1.964,2.005,584770796
2014,2,26,2.387,2.037,1.994,2.035,596187964
2014,2,27,2.372,2.037,2.005,2.013,436819909
2014,2,28,2.354,2.018,1.991,2.007,327161898
2014,3,3,2.325,2.015,1.94,1.977,660092303
2014,3,4,2.35,1.988,1.963,1.978,335581296
2014,3,5,2.314,2.015,1.989,1.993,374738715
2014,3,6,2.363,2.009,1.989,2.001,385480381
2014,3,7,2.373,2.032,2.006,2.027,484342150
2014,3,10,2.35,2.053,1.994,2.038,465144272
2014,3,11,2.305,2.046,2.011,2.013,349761773
2014,3,12,2.214,2.019,1.988,1.992,285565074
2014,3,13,2.201,2.022,1.98,2.015,342143321
2014,3,14,2.219,2.072,2.019,2.07,442058746
2014,3,17,2.186,2.08,2.059,2.063,315433315
2014,3,18,2.175,2.07,2.048,2.05,277884608
2014,3,19,2.143,2.053,2.03,2.031,242154936
2014,3,20,2.092,2.035,2.02,2.027,185448608
2014,3,21,2.116,2.041,1.965,1.993,448372459
2014,3,24,2.106,2.054,1.992,2.044,562947244
2014,3,25,2.104,2.052,2.007,2.015,284836318
2014,3,26,2.085,2.043,2.006,2.012,354056781
2014,3,27,2.091,2.021,1.99,2.007,434617736
2014,3,28,1.975,2.041,1.968,1.972,383540569
2014,3,31,1.997,1.974,1.947,1.948,397409380
2014,4,1,2.055,1.953,1.933,1.948,246002344
2014,4,2,1.97,1.952,1.922,1.937,286550182
2014,4,3,2.008,1.969,1.94,1.968,340470004
2014,4,4,2.028,2.018,1.978,2.009,327005256
2014,4,8,2,2.006,1.989,1.993,297537864
2014,4,9,1.941,2.005,1.973,1.98,276954652
2014,4,10,1.965,2.031,1.966,2,550730823
2014,4,11,1.952,2.014,1.971,1.973,358915920
2014,4,14,1.881,1.998,1.965,1.994,346024841
2014,4,15,1.966,2.016,1.984,2.01,324060223
2014,4,16,2,2.02,2.003,2.008,246833376
2014,4,17,1.969,2.003,1.975,1.976,266310485
2014,4,18,1.962,1.975,1.907,1.912,551819820
2014,4,21,2.015,1.925,1.903,1.92,306326053
2014,4,22,1.974,1.949,1.91,1.948,269244812
2014,4,23,1.929,1.942,1.891,1.893,319170765
2014,4,24,1.918,1.954,1.89,1.918,506916213
2014,4,25,1.926,1.933,1.903,1.905,318210027
2014,4,28,1.903,1.918,1.897,1.907,327659840
2014,4,29,1.873,1.925,1.906,1.923,218224226
2014,4,30,1.868,1.95,1.897,1.943,389782528
2014,5,5,1.87,1.945,1.925,1.938,248797842
2014,5,6,1.902,1.959,1.936,1.956,209864687
2014,5,7,1.899,1.967,1.953,1.964,184988842
2014,5,8,1.911,1.97,1.935,1.936,280071663
2014,5,9,1.893,1.972,1.929,1.969,324198984
2014,5,12,1.891,1.976,1.96,1.968,232305954
2014,5,13,1.94,2.049,1.97,2.041,637736969
2014,5,14,1.936,2.065,2.034,2.038,536560094
2014,5,15,1.926,2.044,2.019,2.043,262009656
2014,5,16,1.924,2.059,2.026,2.04,290942393
2014,5,19,1.928,2.039,2.017,2.023,267063180
2014,5,20,1.935,2.042,2.012,2.041,265285589
2014,5,21,1.844,2.043,1.984,1.986,512531340
2014,5,22,1.832,1.99,1.976,1.986,296057214
2014,5,23,1.824,2,1.978,1.993,208382740
2014,5,26,1.818,2.009,1.978,1.997,319857644
2014,5,27,1.815,2.015,1.981,2.01,272898133
2014,5,28,1.848,2.039,2.008,2.024,351253426
2014,5,29,1.86,2.041,2.011,2.031,412184625
2014,5,30,1.856,2.075,2.032,2.042,625642608
2014,6,3,1.894,2.076,2.04,2.074,360809317
2014,6,4,1.888,2.122,2.078,2.114,549481376
2014,6,5,1.885,2.125,2.099,2.111,304896225
2014,6,6,1.895,2.129,2.104,2.109,308773079
2014,6,9,1.854,2.102,2.061,2.064,369880303
2014,6,10,1.846,2.067,2.032,2.038,337705357
2014,6,11,1.905,2.048,2.029,2.042,326241118
2014,6,12,1.936,2.041,1.98,2.008,448252855
2014,6,13,1.93,2.044,2.011,2.039,340812059
2014,6,16,1.961,2.037,2.003,2.013,292176948
2014,6,17,1.972,2.038,2.02,2.025,230998393
2014,6,18,1.966,2.041,2.018,2.026,261445753
2014,6,19,1.961,2.05,2.01,2.046,358340274
2014,6,20,2.017,2.073,2.037,2.072,327244044
2014,6,23,2.016,2.072,2.053,2.056,185477509
2014,6,24,2.016,2.099,2.058,2.089,683034275
2014,6,25,2.049,2.117,2.09,2.092,355978321
2014,6,26,2.007,2.118,2.084,2.086,464149898
2014,6,27,2.008,2.1,2.075,2.091,415963720
2014,6,30,1.978,2.097,2.067,2.074,268986254
2014,7,1,2.005,2.118,2.074,2.117,371282888
2014,7,2,2.016,2.169,2.115,2.163,559615217
2014,7,3,1.967,2.178,2.155,2.162,287110629
2014,7,4,1.955,2.177,2.156,2.175,278841182
2014,7,7,1.944,2.201,2.162,2.164,359769082
2014,7,8,1.953,2.168,2.142,2.151,286475505
2014,7,9,2.006,2.192,2.135,2.19,370938849
2014,7,10,2.014,2.197,2.173,2.176,388608534
2014,7,11,2.006,2.205,2.165,2.189,575466141
2014,7,14,2.019,2.201,2.173,2.188,460694263
2014,7,15,1.993,2.178,2.138,2.14,386835747
2014,7,16,1.988,2.152,2.125,2.133,251159933
2014,7,17,1.976,2.162,2.14,2.148,211278791
2014,7,18,1.955,2.159,2.134,2.142,165956814
2014,7,21,1.942,2.139,2.114,2.116,422404034
2014,7,22,1.961,2.125,2.103,2.109,306120675
2014,7,23,1.964,2.128,2.09,2.103,403156226
2014,7,24,1.958,2.14,2.101,2.108,512098214
2014,7,25,1.971,2.108,2.076,2.103,485971852
2014,7,28,1.969,2.105,2.081,2.102,374578020
2014,7,29,1.971,2.093,2.04,2.042,419639254
2014,7,30,2.01,2.044,2.024,2.037,333155207
2014,7,31,1.993,2.041,2.014,2.025,333276538
2014,8,1,1.987,2.039,2.016,2.023,160293531
2014,8,4,1.95,2.045,2.021,2.044,236139715
2014,8,5,1.945,2.05,2.03,2.037,178282510
2014,8,6,1.964,2.033,2.007,2.008,229125604
2014,8,7,1.956,2.032,2,2.031,403668612
2014,8,8,1.922,2.034,2.005,2.005,232489175
2014,8,11,1.897,2.035,1.999,2.022,324660869
2014,8,12,1.892,2.046,2.015,2.041,301726876
2014,8,13,1.903,2.052,2.032,2.033,186285297
2014,8,14,1.905,2.047,2.031,2.039,160860413
2014,8,15,1.909,2.036,1.978,1.981,359412935
2014,8,18,1.894,1.988,1.977,1.982,246375086
2014,8,19,1.894,1.985,1.959,1.961,187415586
2014,8,20,1.969,1.979,1.963,1.965,230723910
2014,8,21,2.037,1.984,1.964,1.968,335359496
2014,8,22,2.098,1.98,1.954,1.97,296972894
2014,8,25,2.131,2,1.967,1.998,348438123
2014,8,26,2.185,1.994,1.984,1.99,274979839
2014,8,27,2.18,1.98,1.935,1.951,334120456
2014,8,28,2.299,1.969,1.946,1.966,246227334
2014,8,29,2.262,1.975,1.957,1.973,173702665
2014,9,1,2.287,1.976,1.947,1.971,182231543
2014,9,2,2.311,1.969,1.94,1.942,179697053
2014,9,3,2.262,1.951,1.927,1.947,230140119
2014,9,4,2.256,1.948,1.924,1.941,230100522
2014,9,5,2.33,1.974,1.936,1.966,268236583
2014,9,9,2.28,1.97,1.952,1.953,163975183
2014,9,10,2.243,1.944,1.929,1.93,180839985
2014,9,11,2.249,1.938,1.916,1.917,263388278
2014,9,12,2.221,1.919,1.9,1.909,257929084
2014,9,15,2.268,1.926,1.911,1.925,251765258
2014,9,16,2.256,1.943,1.917,1.924,241158611
2014,9,17,2.252,1.965,1.918,1.956,299337070
2014,9,18,2.326,2.016,1.949,2.001,498509307
2014,9,19,2.308,2.012,1.99,1.997,224732041
2014,9,22,2.309,2.004,1.982,1.997,239012711
2014,9,23,2.263,1.998,1.963,1.964,196196603
2014,9,24,2.25,2.01,1.968,1.998,374678307
2014,9,25,2.26,2.011,1.988,1.995,188224003
2014,9,26,2.16,2.049,2.007,2.048,415489247
2014,9,29,2.102,2.05,2.031,2.039,215295454
2014,9,30,2.002,2.036,2.011,2.026,214561899
2014,10,8,2.021,2.05,2.016,2.018,274092549
2014,10,9,2.034,2.037,2.014,2.027,256663124
2014,10,10,2.009,2.027,2.01,2.021,172851091
2014,10,13,1.992,2.012,1.979,1.98,232250370
2014,10,14,1.964,2.015,1.984,2.009,303541152
2014,10,15,2.015,2.025,2.006,2.016,142867092
2014,10,16,2.026,2.026,2.001,2.021,170033889
2014,10,17,2.01,2.027,2.008,2.014,131513168
2014,10,20,2.006,2.008,1.996,2,137216457
2014,10,21,1.969,2.012,1.988,1.995,172956384
2014,10,22,2.01,2.004,1.972,1.973,252079707
2014,10,23,1.998,1.987,1.973,1.976,130035395
2014,10,24,2.01,1.968,1.918,1.923,222928409
2014,10,27,2.021,1.932,1.919,1.927,128300759
2014,10,28,2.033,1.933,1.913,1.931,196496456
2014,10,29,2.004,1.921,1.902,1.913,143933790
2014,10,30,1.981,1.942,1.9,1.925,285319323
2014,10,31,2.022,1.934,1.914,1.926,113215523
2014,11,3,2.076,1.913,1.891,1.909,262044788
2014,11,4,2.064,1.917,1.891,1.907,152958162
2014,11,5,2.048,1.927,1.907,1.908,91395300
2014,11,6,2.031,1.878,1.86,1.868,309940853
2014,11,7,2.033,1.865,1.786,1.809,467957371
2014,11,10,1.997,1.824,1.755,1.817,506030527
2014,11,11,2.047,1.85,1.822,1.829,287693396
2014,11,12,2.018,1.857,1.799,1.854,300473607
2014,11,13,2,1.863,1.846,1.848,260418335
2014,11,14,2.022,1.891,1.846,1.889,320541606
2014,11,17,1.969,1.9,1.871,1.875,216519296
2014,11,18,1.95,1.888,1.868,1.868,182515813
2014,11,19,1.949,1.873,1.832,1.835,280057499
2014,11,20,1.941,1.825,1.804,1.82,302793655
2014,11,21,1.987,1.833,1.798,1.803,212755458
2014,11,24,1.997,1.839,1.803,1.835,238946518
2014,11,25,1.995,1.846,1.818,1.821,142426665
2014,11,26,1.98,1.894,1.824,1.892,483315654
2014,11,27,1.998,1.893,1.87,1.888,358396129
2014,11,28,1.969,1.87,1.848,1.851,249336189
2014,12,1,1.999,1.888,1.844,1.846,333263680
2014,12,2,2.017,1.862,1.843,1.855,233744172
2014,12,3,2,1.875,1.85,1.853,274092902
2014,12,4,1.966,1.856,1.826,1.834,261952662
2014,12,5,1.909,1.823,1.802,1.804,247392184
2014,12,8,1.921,1.805,1.787,1.795,259490660
2014,12,9,1.942,1.831,1.799,1.827,354584907
2014,12,10,1.89,1.836,1.815,1.815,182333727
2014,12,11,1.921,1.844,1.808,1.814,279809430
2014,12,12,1.905,1.801,1.785,1.797,220808174
2014,12,15,1.909,1.808,1.77,1.8,310082575
2014,12,16,1.908,1.815,1.792,1.793,260325597
2014,12,17,1.94,1.812,1.795,1.797,183569380
2014,12,18,1.937,1.788,1.766,1.766,191167998
2014,12,19,1.959,1.781,1.758,1.773,281783139
2014,12,22,1.95,1.829,1.762,1.822,485317459
2014,12,23,1.937,1.811,1.765,1.769,330213714
2014,12,24,1.964,1.762,1.729,1.755,580696788
2014,12,25,1.97,1.758,1.702,1.704,446676326
2014,12,26,2.045,1.736,1.711,1.727,315024075
2014,12,29,2.036,1.739,1.705,1.71,266332396
2014,12,30,2.047,1.718,1.696,1.707,379857880
2014,12,31,2.034,1.719,1.694,1.703,386128339
2015,1,5,2.012,1.709,1.685,1.686,255031601
2015,1,6,2.041,1.737,1.678,1.689,525888523
2015,1,7,1.98,1.757,1.673,1.755,846192333
2015,1,8,1.984,1.767,1.74,1.76,431791533
2015,1,9,1.994,1.764,1.741,1.761,301723980
2015,1,12,1.997,1.786,1.76,1.775,464644475
2015,1,13,2.01,1.763,1.72,1.723,484841051
2015,1,14,2.014,1.744,1.722,1.724,342912174
2015,1,15,2.034,1.716,1.675,1.687,405487812
2015,1,16,2.044,1.706,1.684,1.692,375512765
2015,1,19,2.078,1.751,1.693,1.743,616929870
2015,1,20,2.111,1.775,1.73,1.768,571533830
2015,1,21,2.117,1.799,1.757,1.78,577728115
2015,1,22,2.101,1.794,1.778,1.787,345892866
2015,1,23,2.058,1.844,1.81,1.824,619620354
2015,1,26,2.038,1.82,1.798,1.805,386341700
2015,1,27,2.031,1.833,1.79,1.811,478055886
2015,1,28,2.014,1.846,1.782,1.843,620644605
2015,1,29,2.02,1.856,1.831,1.833,579366407
2015,1,30,2.031,1.859,1.836,1.848,334769720
2015,2,2,2.034,1.844,1.821,1.823,301145510
2015,2,3,2.034,1.839,1.822,1.826,330919083
2015,2,4,2.042,1.842,1.812,1.838,388103997
2015,2,5,2.071,1.824,1.796,1.798,436537091
2015,2,6,2.063,1.807,1.789,1.795,302285387
2015,2,9,2.098,1.835,1.805,1.829,470730349
2015,2,10,2.091,1.831,1.815,1.819,271103449
2015,2,11,2.086,1.821,1.762,1.769,559994586
2015,2,12,2.092,1.778,1.76,1.762,286174240
2015,2,13,2.074,1.758,1.731,1.735,362700443
2015,2,16,2.116,1.737,1.722,1.735,291844781
2015,2,17,2.166,1.738,1.72,1.735,336084763
2015,2,25,2.163,1.738,1.711,1.717,427266748
2015,2,26,2.18,1.73,1.7,1.718,373840317
2015,2,27,2.157,1.722,1.699,1.704,303489862
2015,3,2,2.141,1.72,1.701,1.71,435504315
2015,3,3,2.191,1.731,1.712,1.728,418203842
2015,3,4,2.17,1.725,1.672,1.676,598284726
2015,3,5,2.175,1.76,1.721,1.727,923494810
2015,3,6,2.177,1.729,1.708,1.717,359220240
2015,3,9,2.143,1.725,1.704,1.709,481493619
2015,3,10,2.147,1.712,1.696,1.704,325451600
2015,3,11,2.148,1.722,1.702,1.717,337271680
2015,3,12,2.139,1.733,1.701,1.716,358619047
2015,3,13,2.112,1.718,1.704,1.708,283608225
2015,3,16,2.118,1.708,1.694,1.696,306652825
2015,3,17,2.115,1.692,1.66,1.662,503421291
2015,3,18,2.106,1.667,1.65,1.653,309009005
2015,3,19,2.1,1.649,1.611,1.613,584748251
2015,3,20,2.09,1.643,1.609,1.641,617753188
2015,3,23,2.039,1.64,1.6,1.637,580309647
2015,3,24,2.02,1.661,1.629,1.638,525004668
2015,3,25,2.03,1.658,1.617,1.617,428926093
2015,3,26,2.026,1.63,1.599,1.62,576333290
2015,3,27,2.043,1.647,1.614,1.632,543805087
2015,3,30,2.025,1.638,1.613,1.616,242253598
2015,3,31,2.015,1.628,1.555,1.606,467096217
2015,4,1,2.02,1.609,1.586,1.607,342326021
2015,4,2,2.006,1.618,1.599,1.609,272943456
2015,4,3,2.018,1.634,1.614,1.629,296092053
2015,4,7,2.044,1.643,1.609,1.61,317895482
2015,4,8,2.031,1.635,1.603,1.611,617394100
2015,4,9,2.035,1.622,1.604,1.621,413536864
2015,4,10,1.981,1.678,1.611,1.677,582485439
2015,4,13,1.98,1.723,1.672,1.721,724776008
2015,4,14,1.974,1.726,1.701,1.711,408470756
2015,4,15,1.968,1.734,1.703,1.717,372284148
2015,4,16,1.964,1.724,1.684,1.7,389686852
2015,4,17,1.97,1.705,1.675,1.677,290324941
2015,4,20,1.992,1.758,1.664,1.757,744475098
2015,4,21,1.979,1.766,1.725,1.729,455513640
2015,4,22,1.95,1.773,1.73,1.768,603383601
2015,4,23,1.96,1.797,1.764,1.794,413622297
2015,4,24,1.975,1.797,1.76,1.762,432013050
2015,4,27,1.966,1.772,1.749,1.758,286848304
2015,4,28,1.942,1.767,1.723,1.728,298916577
2015,4,29,1.935,1.777,1.731,1.777,475087475
2015,4,30,1.936,1.796,1.764,1.785,427308630
2015,5,4,1.965,1.799,1.767,1.782,335251293
2015,5,5,1.941,1.772,1.74,1.746,471602505
2015,5,6,1.929,1.81,1.745,1.799,544617232
2015,5,7,1.915,1.803,1.785,1.792,515278940
2015,5,8,1.914,1.817,1.786,1.793,363884720
2015,5,11,1.926,1.802,1.766,1.782,427909904
2015,5,12,1.92,1.783,1.762,1.772,323544497
2015,5,13,1.954,1.8,1.766,1.787,408492866
2015,5,14,1.997,1.792,1.766,1.775,353573533
2015,5,15,2.003,1.795,1.77,1.78,327109330
2015,5,18,1.997,1.807,1.783,1.784,364752541
2015,5,19,1.968,1.794,1.771,1.793,335549138
2015,5,20,2.001,1.81,1.787,1.808,339355070
2015,5,21,2.007,1.819,1.803,1.812,482616049
2015,5,22,2.046,1.843,1.81,1.841,446346337
2015,5,25,2.036,1.864,1.842,1.844,422785800
2015,5,26,2.04,1.858,1.842,1.855,449272754
2015,5,27,2.02,1.857,1.835,1.836,316393660
2015,5,28,2.019,1.851,1.829,1.834,195735729
2015,5,29,2.012,1.857,1.832,1.856,412239867
2015,6,1,1.984,1.863,1.838,1.844,277841251
2015,6,2,2.012,1.841,1.808,1.809,503897147
2015,6,3,2.014,1.807,1.788,1.79,406795723
2015,6,4,2.022,1.818,1.795,1.81,355417713
2015,6,5,2.006,1.824,1.808,1.823,365637749
2015,6,8,2.011,1.824,1.801,1.808,229591565
2015,6,9,1.997,1.826,1.806,1.825,361710069
2015,6,10,1.976,1.845,1.785,1.792,664514218
2015,6,11,1.966,1.796,1.774,1.777,465208562
2015,6,12,1.922,1.791,1.766,1.79,334134761
2015,6,15,1.919,1.792,1.771,1.791,342950393
2015,6,16,1.912,1.788,1.765,1.766,360729526
2015,6,17,1.917,1.786,1.765,1.771,511445375
2015,6,18,1.924,1.785,1.762,1.774,267202056
2015,6,19,1.911,1.773,1.755,1.759,285185513
2015,6,23,1.893,1.766,1.756,1.763,180045119
2015,6,24,1.912,1.772,1.761,1.763,214457125
2015,6,25,1.866,1.76,1.72,1.725,405828900
2015,6,26,1.856,1.72,1.697,1.704,408959667
2015,6,29,1.77,1.72,1.705,1.719,478023556
2015,6,30,1.842,1.75,1.703,1.745,492767936
2015,7,1,1.801,1.751,1.737,1.749,265376862
2015,7,2,1.858,1.746,1.731,1.735,174309561
2015,7,3,1.853,1.748,1.716,1.747,287347184
2015,7,6,1.88,1.759,1.731,1.745,247499892
2015,7,7,1.878,1.784,1.743,1.783,388494536
2015,7,8,1.872,1.797,1.779,1.789,435528644
2015,7,9,1.808,1.789,1.774,1.78,291685607
2015,7,10,1.821,1.784,1.758,1.76,291226924
2015,7,13,1.809,1.801,1.763,1.8,339103614
2015,7,14,1.837,1.807,1.795,1.799,203752934
2015,7,15,1.828,1.827,1.795,1.826,374099236
2015,7,16,1.886,1.829,1.808,1.812,247563173
2015,7,17,1.865,1.844,1.791,1.819,704576512
2015,7,20,1.861,1.832,1.811,1.828,401681700
2015,7,21,1.847,1.841,1.823,1.833,277417670
2015,7,22,1.86,1.841,1.831,1.835,303058357
2015,7,23,1.848,1.885,1.847,1.877,520701498
2015,7,24,1.823,1.879,1.867,1.877,327091792
2015,7,27,1.796,1.886,1.863,1.886,362669676
2015,7,28,1.801,1.882,1.868,1.877,374875312
2015,7,29,1.834,1.879,1.857,1.872,462467314
2015,7,30,1.818,1.859,1.841,1.842,344484005
2015,7,31,1.792,1.847,1.837,1.841,247436252
2015,8,3,1.803,1.848,1.829,1.829,310150371
2015,8,4,1.8,1.842,1.81,1.814,403672897
2015,8,5,1.805,1.814,1.8,1.811,265914653
2015,8,6,1.787,1.802,1.774,1.775,299784099
2015,8,7,1.766,1.807,1.776,1.803,306048686
2015,8,10,1.77,1.794,1.775,1.778,207868982
2015,8,11,1.806,1.798,1.774,1.786,241233199
2015,8,12,1.742,1.814,1.792,1.813,312658969
2015,8,13,1.739,1.818,1.794,1.803,185309077
2015,8,14,1.722,1.814,1.785,1.793,257350653
2015,8,17,1.735,1.797,1.773,1.777,280919241
2015,8,18,1.701,1.804,1.767,1.803,324467593
2015,8,19,1.709,1.831,1.799,1.829,386117104
2015,8,20,1.707,1.827,1.814,1.817,177603672
2015,8,21,1.735,1.818,1.804,1.808,157433072
2015,8,24,1.677,1.825,1.807,1.812,170054706
2015,8,25,1.745,1.799,1.765,1.767,329336330
2015,8,26,1.756,1.776,1.762,1.767,197687973
2015,8,27,1.763,1.782,1.769,1.772,133781736
2015,8,28,1.76,1.792,1.762,1.766,245137301
2015,8,31,1.73,1.776,1.748,1.749,237818968
2015,9,1,1.713,1.776,1.753,1.768,260224367
2015,9,2,1.691,1.768,1.75,1.757,191732555
2015,9,7,1.7,1.787,1.76,1.783,188658107
2015,9,8,1.742,1.787,1.771,1.773,130068525
2015,9,9,1.763,1.793,1.771,1.79,260680155
2015,9,10,1.782,1.804,1.79,1.791,131796408
2015,9,11,1.812,1.793,1.78,1.783,106794292
2015,9,14,1.82,1.796,1.783,1.786,105093774
2015,9,15,1.795,1.783,1.751,1.757,225488620
2015,9,16,1.789,1.754,1.72,1.723,263831341
2015,9,17,1.846,1.736,1.716,1.729,250833902
2015,9,18,1.85,1.74,1.721,1.723,356360822
2015,9,21,1.833,1.73,1.712,1.713,137936928
2015,9,22,1.825,1.738,1.706,1.735,226471351
2015,9,23,1.832,1.745,1.725,1.732,147367083
2015,9,24,1.824,1.751,1.73,1.737,195811987
2015,9,25,1.806,1.749,1.734,1.738,142293088
2015,9,28,1.809,1.735,1.719,1.724,164060211
2015,9,29,1.825,1.747,1.713,1.741,239982915
2015,9,30,1.82,1.737,1.698,1.699,261572550
2015,10,8,1.771,1.709,1.693,1.697,182405082
2015,10,9,1.753,1.706,1.692,1.703,181913764
2015,10,12,1.737,1.722,1.685,1.712,316302902
2015,10,13,1.725,1.73,1.707,1.716,229873743
2015,10,14,1.736,1.72,1.692,1.693,247364271
2015,10,15,1.707,1.707,1.689,1.701,167045040
2015,10,16,1.716,1.704,1.675,1.696,196293744
2015,10,19,1.709,1.721,1.692,1.706,249674048
2015,10,20,1.722,1.706,1.69,1.693,170379121
2015,10,21,1.724,1.683,1.66,1.664,204295173
2015,10,22,1.726,1.677,1.658,1.666,170460238
2015,10,23,1.729,1.674,1.66,1.662,203440211
2015,10,26,1.717,1.675,1.658,1.66,233288596
2015,10,27,1.705,1.675,1.66,1.667,257509448
2015,10,28,1.704,1.679,1.662,1.664,182705456
2015,10,29,1.715,1.678,1.663,1.67,185841937
2015,10,30,1.705,1.684,1.67,1.679,239407689
2015,11,2,1.703,1.682,1.665,1.673,147609099
2015,11,3,1.69,1.679,1.666,1.678,159622319
2015,11,4,1.659,1.696,1.672,1.692,203953445
2015,11,5,1.645,1.698,1.689,1.692,169114669
2015,11,6,1.614,1.707,1.694,1.698,238321656
2015,11,9,1.627,1.708,1.69,1.708,184373058
2015,11,10,1.63,1.713,1.701,1.702,113624002
2015,11,11,1.651,1.7,1.669,1.671,248091944
2015,11,12,1.61,1.674,1.654,1.667,209818958
2015,11,13,1.616,1.666,1.643,1.646,183918002
2015,11,16,1.621,1.65,1.64,1.643,133710682
2015,11,17,1.614,1.646,1.632,1.643,176587641
2015,11,18,1.6,1.635,1.62,1.63,137542422
2015,11,19,1.601,1.647,1.629,1.634,191265625
2015,11,20,1.615,1.637,1.621,1.625,100297775
2015,11,23,1.641,1.638,1.624,1.632,143122804
2015,11,24,1.605,1.633,1.624,1.625,102287510
2015,11,25,1.609,1.622,1.59,1.593,223296075
2015,11,26,1.625,1.616,1.589,1.605,230333797
2015,11,27,1.672,1.605,1.589,1.59,130572461
2015,11,30,1.718,1.599,1.58,1.592,214558836
2015,12,1,1.704,1.6,1.587,1.592,138323986
2015,12,2,1.716,1.604,1.584,1.597,176536226
2015,12,3,1.692,1.603,1.581,1.584,110375060
2015,12,4,1.68,1.584,1.567,1.573,149473400
2015,12,7,1.753,1.589,1.574,1.587,167727880
2015,12,8,1.732,1.673,1.596,1.661,646864632
2015,12,9,1.774,1.667,1.654,1.66,278186843
2015,12,10,1.795,1.651,1.633,1.647,228296574
2015,12,11,1.762,1.662,1.636,1.648,235380590
2015,12,14,1.755,1.65,1.637,1.637,205598756
2015,12,15,1.733,1.664,1.642,1.652,341713195
2015,12,16,1.77,1.654,1.622,1.623,251109028
2015,12,17,1.788,1.616,1.599,1.605,219576635
2015,12,18,1.772,1.609,1.598,1.606,164887314
2015,12,21,1.746,1.603,1.576,1.58,198411144
2015,12,22,1.796,1.594,1.573,1.584,178404620
2015,12,23,1.787,1.599,1.567,1.59,223307940
2015,12,24,1.775,1.599,1.584,1.591,155431687
2015,12,25,1.782,1.599,1.575,1.579,163989851
2015,12,28,1.769,1.7,1.58,1.621,661259661
2015,12,29,1.788,1.655,1.612,1.652,475822266
2015,12,30,1.784,1.66,1.626,1.635,172735615
2015,12,31,1.806,1.674,1.643,1.666,404837535
2016,1,4,1.785,1.665,1.653,1.663,179997681
2016,1,5,1.793,1.663,1.649,1.655,168187795
2016,1,6,1.808,1.674,1.645,1.655,239643583
2016,1,7,1.812,1.66,1.644,1.65,139261757
2016,1,8,1.847,1.663,1.646,1.651,199481436
2016,1,11,1.842,1.663,1.643,1.656,207680750
2016,1,12,1.851,1.682,1.657,1.678,409180487
2016,1,13,1.831,1.682,1.674,1.677,224228919
2016,1,14,1.836,1.689,1.665,1.683,217698073
2016,1,15,1.86,1.684,1.664,1.666,175348877
2016,1,18,1.841,1.671,1.659,1.663,175399599
2016,1,19,1.797,1.67,1.649,1.651,189013785
2016,1,20,1.795,1.654,1.613,1.619,212475746
2016,1,21,1.817,1.62,1.602,1.607,149758368
2016,1,22,1.823,1.624,1.604,1.611,171673289
2016,1,25,1.811,1.626,1.609,1.625,145192361
2016,1,26,1.835,1.664,1.626,1.655,208036195
2016,1,27,1.793,1.666,1.646,1.664,215089647
2016,1,28,1.78,1.673,1.653,1.66,148605299
2016,1,29,1.782,1.664,1.633,1.655,155878416
2016,2,1,1.788,1.664,1.645,1.655,142656368
2016,2,2,1.779,1.646,1.628,1.629,163446254
2016,2,3,1.771,1.635,1.624,1.627,120018592
2016,2,4,1.767,1.637,1.624,1.636,119879506
2016,2,5,1.759,1.602,1.573,1.577,167728175
2016,2,15,1.768,1.588,1.57,1.583,369150306
2016,2,16,1.759,1.579,1.563,1.564,146987576
2016,2,17,1.719,1.562,1.544,1.55,162063294
2016,2,18,1.706,1.55,1.533,1.548,190498615
2016,2,19,1.716,1.555,1.539,1.54,137419177
2016,2,22,1.742,1.562,1.535,1.561,240515888
2016,2,23,1.74,1.557,1.545,1.556,204036193
2016,2,24,1.732,1.574,1.554,1.566,232090482
2016,2,25,1.731,1.568,1.556,1.562,145629119
2016,2,26,1.747,1.562,1.551,1.553,113823317
2016,2,29,1.784,1.549,1.539,1.542,179813503
2016,3,1,1.78,1.548,1.535,1.536,151697638
2016,3,2,1.779,1.546,1.53,1.544,185480112
2016,3,3,1.763,1.555,1.531,1.533,147299402
2016,3,4,1.797,1.548,1.528,1.547,210537628
2016,3,7,1.797,1.606,1.543,1.599,467337638
2016,3,8,1.825,1.606,1.591,1.599,271522403
2016,3,9,1.808,1.637,1.598,1.633,427573329
2016,3,10,1.818,1.657,1.637,1.65,549528145
2016,3,11,1.834,1.656,1.641,1.644,184954594
2016,3,14,1.834,1.657,1.641,1.657,299627713
2016,3,15,1.857,1.652,1.637,1.638,268665202
2016,3,16,1.873,1.728,1.638,1.725,650868432
2016,3,17,1.877,1.747,1.729,1.736,518274979
2016,3,18,1.88,1.765,1.726,1.741,490037071
2016,3,21,1.876,1.755,1.735,1.74,320301808
2016,3,22,1.859,1.755,1.725,1.748,347705868
2016,3,23,1.841,1.768,1.734,1.735,327079699
2016,3,24,1.84,1.758,1.732,1.747,299159449
2016,3,25,1.838,1.807,1.734,1.793,589046046
2016,3,28,1.803,1.804,1.791,1.799,301051193
2016,3,29,1.802,1.814,1.785,1.786,354944837
2016,3,30,1.778,1.817,1.784,1.814,361336361
2016,3,31,1.791,1.855,1.819,1.854,366313907
2016,4,1,1.781,1.896,1.847,1.867,579336889
2016,4,5,1.793,1.886,1.853,1.876,316759872
2016,4,6,1.809,1.878,1.843,1.853,326119591
2016,4,7,1.802,1.858,1.835,1.848,263674507
2016,4,8,1.793,1.871,1.839,1.849,266849142
2016,4,11,1.77,1.859,1.809,1.817,367867025
2016,4,12,1.802,1.894,1.807,1.886,766293993
2016,4,13,1.826,1.902,1.882,1.893,421744651
2016,4,14,1.813,1.893,1.845,1.871,349744924
2016,4,15,1.809,1.871,1.84,1.852,366064134
2016,4,18,1.798,1.893,1.85,1.882,352137168
2016,4,19,1.77,1.893,1.861,1.892,453156514
2016,4,20,1.77,1.911,1.874,1.893,313002482
2016,4,21,1.791,1.905,1.882,1.901,332256182
2016,4,22,1.775,1.956,1.882,1.895,617696973
